id,slug,name,abv_max,abv_min,aroma,bitterness,body,description,history,ibu_max,ibu_min,origin,serving_temp_max,serving_temp_min,sourness,srm_max,srm_min,sweetness
1,altbier,アルトビア,5.5,4.3,3,3,3,ドイツのデュッセルドルフ地方発祥の伝統的なビール。上面発酵ながら低温熟成させる独特の製法で、琥珀色の色合いとバランスの取れた味わいが特徴。モルトの複雑さとホップのバランスが絶妙な伝統的ドイツビールです。,"ドイツ西部の都市デュッセルドルフ（Düsseldorf）及びその周辺地域で伝統的に造られている上面発酵ビール。「アルト」はドイツ語で「古い (Alt)」を意味し、19世紀以降に主流となった下面発酵のラガー（新しい製法）に対して、それ以前から続く「古い」製法（上面発酵）で作られることに由来します。
ケルシュと同様に、上面発酵酵母を使いながらも、発酵後に低温で熟成させる工程（ラガーリング）を経るのが特徴です。これにより、エールらしい豊かな風味と、ラガーのようなクリーンで滑らかな飲み口を両立させています。
色は銅色から濃い茶色で、麦芽由来のしっかりとした風味（穀物、ビスケット、時にはナッツや軽いロースト感）と、ケルシュよりも明確に感じられるホップの苦味、そしてドイツ産ノーブルホップ由来の穏やかな香りのバランスが取れています。
デュッセルドルフの郷土ビールとして、現在も地元で深く愛されています。",50,25,中世からの進化、ドイツ・デュッセルドルフ,10,7,1,17,11,2
2,amber-ale,アンバーエール,6.2,4.5,3,3,3,琥珀色の外観が特徴的なエールビール。モルトの甘みとキャラメル風味にほどよいホップのバランスがあり、飲みやすさと風味のバランスが取れているスタイルです。,"琥珀色（Amber）が特徴のエール。特に「アメリカン・アンバーエール」は、20世紀後半（1980年代頃）のアメリカのクラフトビール運動の中で生まれたスタイルです。
当時のブルワーたちが、アメリカン・ペールエール（APA）よりも麦芽（モルト）の風味や色合いが豊かで、かつアメリカン・ブラウンエールほどは重くない、バランスの取れた新しいスタイルを求めて開発しました。
特徴は、カラメルモルトなどを使用することによる中程度のボディと、トーストやカラメルのような甘く香ばしいモルトの風味です。これにアメリカ産ホップ由来の柑橘系やフローラル系の香りと、しっかりとした苦味がバランス良く加わります。APAやIPAに比べてモルトの存在感が強く、より複雑な味わいを楽しめるスタイルとして定着しました。
イギリスにもアンバー色のエールは存在しますが、通常「アンバーエール」と言うとアメリカンスタイルを指すことが多いです。",40,25,主に20世紀後半（1980年代頃）、アメリカ,12,8,1,17,10,3
3,american-wheat,アメリカンウィート,5.5,4,3,2,2,アメリカで人気の小麦ビールスタイル。ドイツやベルギーの小麦ビールに比べて酵母由来の個性が控えめで、よりクリーンな味わいが特徴。軽やかな飲み口とほのかな柑橘系のホップの風味が楽しめる爽やかなビールです。,"アメリカのクラフトブルワーが、ドイツやベルギーのスタイルとは異なる独自のアメリカン小麦ビールとして開発（1980年代～）。
小麦麦芽を多く（30-50%）使いますが、特徴的なのは酵母です。ドイツ酵母のようなバナナ・クローブ香を出すものではなく、よりクリーンなアメリカンエール酵母（やラガー酵母）を使用します。スパイスも通常使いません。
結果として酵母香は控えめで、すっきりした飲み口。代わりにアメリカ産ホップの香り（柑橘・フローラル等）や苦味が比較的強調される傾向があります。
濾過・無濾過の両タイプが存在し、爽やかで飲みやすい定番スタイルです。",30,15,1980年代～、アメリカ,7,4,1,6,3,2
4,baltic-porter,バルチックポーター,9.5,6.5,4,2,5,バルト海周辺諸国で発展したポーター。伝統的な英国ポーターよりもアルコール度数が高く、ラガー酵母で低温発酵・熟成させることが多い。濃厚で滑らか、複雑な味わい。,"18世紀英国ポーターがバルト海周辺国（ロシア、ポーランド、北欧等）へ輸出され、現地で独自進化したスタイル。
寒冷気候や輸送、またインペリアルスタウトの影響を受け、英国ポーターより高アルコール（6.5-9.5%）で濃厚リッチに。
最大の特徴は、多くがエール酵母でなくラガー酵母を使い、低温発酵・熟成（ラガーリング）させる点。これによりエール臭が抑えられ、滑らかでクリーンな飲み口に。
味はダークフルーツ、カラメル、トフィー、チョコ、リコリス等の複雑な麦芽風味があり、ロースト感は控えめ、甘みが感じられることが多い。",40,20,18世紀後半～19世紀、バルト海周辺諸国（英国ポーターが起源）,12,8,1,30,17,4
5,barley-wine,バーレイワイン,12,8,4,4,5,非常に高いアルコール度数を持つ強いエールビール。リッチなモルトの甘みと複雑な風味があり、熟成によって風味が変化していく奥深いスタイルです。イングリッシュとアメリカンの2つの主要なタイプがあります。,"イギリス発祥とされる、非常にアルコール度数が高い（多くは8～12%以上）上面発酵のエール。「バーレイ（大麦）のワイン」という名前は、ワインに匹敵するほどのアルコール度数を持ちながら、ブドウではなく大麦麦芽のみから造られることに由来します。
その起源は18世紀頃の、長期熟成させるための高アルコールビール（オクトーバービールやストックエールなど）に遡ると考えられています。バス醸造所の「No.1 Ale」などが初期の商業的な例として挙げられます。
伝統的なイングリッシュ・バーレイワインは、琥珀色から濃い茶色で、麦芽由来の濃厚で複雑な風味（トフィー、カラメル、ドライフルーツ、糖蜜など）が支配的です。ホップの苦味はモルトの甘さを支える程度で、熟成によってシェリー酒のような酸化熟成香が現れることもあります。
一方、アメリカン・バーレイワインは、より色が淡く、大量のアメリカンホップによる強い苦味と華やかな香りが特徴となっています。",100,35,18世紀/19世紀頃、イギリス,14,10,1,22,8,4
6,belgian-blonde-ale,ベルジャン・ブロンドエール,7.5,6,4,2,3,ベルギーのモダンなブロンドビール。黄金色の外観と、フルーティーでスパイシーなベルギー酵母の風味が特徴。マイルドな味わいでありながら複雑さを併せ持つスタイルです。,"ベルギー発祥の、黄金色（Blond）をした上面発酵エールです。
デュッベルやトリペルといった他のベルギーの伝統的なスタイルに比べると、その歴史は比較的新しく、第二次世界大戦後にヨーロッパでピルスナーなどの淡色ラガーの人気が高まったことを受けて、ベルギーの醸造家たちが対抗する形で開発したと言われています。
彼らは、ラガーのような親しみやすい色合いでありながら、ベルギー酵母由来の複雑な風味を持つ、よりアルコール度数の高いエールを目指しました。
特徴は、輝く金色、中程度のアルコール度数（多くは6～7.5%程度）、ベルギー酵母が生み出す穏やかなフルーティーさ（洋梨やリンゴのようなエステル香）と、ほのかなスパイシーさ（フェノール香）。麦芽の優しい甘みとドライな後味のバランスが取れており、比較的飲みやすいスタイルです。レフ・ブロンドなどが広く知られています。",30,15,20世紀半ば、ベルギー,10,6,1,7,4,3
7,belgian-golden-strong-ale,ベルジャン・ゴールデンストロングエール,10.5,7.5,4,2,2,ベルギーの強い黄金色のエール。トリペルに似るが、よりドライでホップの苦味が効き、炭酸が強い。悪魔的な飲みやすさを持つことも。,"WW2後、ベルギーでピルスナー人気に対抗して生まれたとされる高アルコール（7.5-10.5%）淡色（ゴールデン）上面発酵エール。
トリペルに似るが、一般的にこちらの方がより淡い麦芽（ピルスナーモルト主体）でボディ軽く、フィニッシュはよりドライ、ホップ苦味/香り（ノーブルホップ等）がやや強調され、炭酸圧も非常に高い傾向。
ベルギー酵母由来のフルーティー（洋梨、リンゴ、柑橘等）で複雑な香りを持ち、高アルコールを隠す滑らかさとドライさから「悪魔(Duvel)のよう」とも。デュベル社の「デュベル」が象徴的銘柄。",35,22,20世紀半ば、ベルギー,10,6,1,6,3,1
8,belgian-pale-ale,ベルジャン・ペールエール,5.5,4.8,3,2,3,イギリスのペールエールに影響を受けつつ、ベルギー酵母で醸造されたエール。中程度の苦味と、酵母由来のフルーティー＆スパイシーな香りが特徴。比較的飲みやすい。,"第一次・二次大戦後、ベルギーで人気の英国ペールエール等を参考に、ベルギー醸造家が自国の上面発酵酵母（ベルギー酵母）を使い造り始めたスタイル。
英国ペールエールのようにホップの苦味・香りが比較的しっかりしているが、欧州伝統ホップ（ノーブルホップ等）が多い。
最大の特徴はベルギー酵母由来の複雑な香り。フルーティーなエステル香（リンゴ、洋梨等）とスパイシーなフェノール香（クローブ、胡椒等）がホップ・麦芽風味と調和。
色は金色～明るい琥珀色。アルコール度数はペールエール同程度（4.8-5.5%）で、ベルギービールの中では比較的飲みやすい。デ・コーニンク等が代表的。",30,20,20世紀半ば、ベルギー,10,7,1,14,8,2
9,berliner-weisse,ベルリナーヴァイセ,3.8,2.8,2,1,2,ドイツ・ベルリン発祥の伝統的な酸味のある小麦ビール。非常に軽い口当たりと爽やかな酸味が特徴で、しばしばシロップを加えて飲まれます。アルコール度数が低く、さわやかな喉越しで暑い季節に最適なビールです。,"ドイツ首都ベルリン発祥の伝統的なサワー小麦ビール。「ベルリンの白」の意味です。
起源は17世紀頃とされ、ナポレオン軍が「北のシャンパン」と称賛した逸話があります。
乳酸菌と上面発酵酵母の混合発酵による、クリーンでシャープな酸味が最大の特徴。小麦麦芽由来の淡い色と濁り、高い炭酸ガス圧を持ちます。アルコール度数は低め（3%前後）で非常に軽快。
伝統的にはラズベリー（ヒンベーア）やウッドラフ（ヴァルトマイスター）の甘いシロップを加えて酸味を和らげて飲みます。
一時は絶滅寸前でしたが、近年のクラフトサワーブームで世界的に再注目されています。",8,3,17世紀頃、ドイツ・ベルリン,8,5,4,3,2,1
10,best-bitter,ベストビター,4.6,3.8,3,3,3,イギリスのパブで定番のビターエールの中間的な強さ。オーディナリービターより風味豊かで、ESBよりは軽い。バランスの取れた飲みやすさ。,"英伝統「ビター」の中で強さが中間のエール。「スペシャル/プレミアムビター」とも。
ビターは日常的セッションビールとして、オーディナリー(軽)・ベスト(中)・ESB(強)の3つに大別されるのが一般的。
ベストビターはオーディナリーより麦芽風味（ビスケット、軽カラメル等）やホップ特性（英ホップの土、花、果実香、苦味）がややしっかり感じられ、アルコールも少し高め（3.8-4.6%）。一方、ESB程の濃厚さや強苦味はなく、バランス重視で何パイントも飲める「セッショナビリティ」を保つ。
英国パブで最も一般的に提供されるドラフトビールの代表格の一つ。",40,25,20世紀初頭～半ば、イギリス,13,10,1,16,5,2
11,biere-de-garde,ビエール・ド・ギャルド,8.5,6,3,2,4,フランス北部発祥の「貯蔵ビール」。セゾンに似るが、よりモルトの風味が豊かでアルコール度数が高いことが多い。熟成による複雑な味わいが特徴。,"仏北部（フランドル地方）農家で伝統的に造られた「貯蔵用ビール」。
ベルギーのセゾンと起源や目的は似るが、一般的にセゾンより麦芽風味が豊かでボディしっかり、アルコール度数もやや高め（6-8.5%）。
色はブロンド、アンバー、ブラウンの3タイプ。共通する特徴は複雑な麦芽風味（トースト、ビスケット、カラメル、ドライフルーツ等）と熟成によるまろやかさ。酵母由来の香りはセゾンより穏やかなことが多い。ホップは控えめ。
瓶内熟成・コルク栓が多いのも特徴。",28,18,19世紀以前～、フランス北部（フランドル地方）,13,10,1,19,6,3
12,black-ipa,ブラックIPA,9,5.5,4,4,4,IPAの強烈なホップの風味と、ダークなスタウトの見た目を併せ持つハイブリッドスタイル。濃い褐色から黒色の外観ながら、柑橘系やパイン系のホップの香りと風味が特徴的。ほのかなロースト感も楽しめる個性的なビールです。,"アメリカのクラフトビールシーンで2000年代半ば頃に登場した、比較的新しいIPAのサブスタイルです。「カスケードダークエール（CDA）」とも呼ばれます。
その名の通り、見た目はポーターやスタウトのように黒い（Black）ですが、味わいはIPAのようにホップの香り（柑橘、松、トロピカルなど）と苦味が前面に出ているのが特徴です。
醸造における挑戦は、濃い色と若干のロースト風味（コーヒーやチョコレートのニュアンス）を加えつつも、スタウトのような強い焦げ臭さや重さがホップの風味を邪魔しないようにバランスを取ることです。通常、殻皮を取り除いた色の濃い麦芽（デハスクド・ローストモルト）などを少量使用することで、これを実現しています。
アメリカ北西部（カスケード地域）やバーモント州のブルワーが初期の発展に貢献したとされ、IPAの多様性を示すユニークなスタイルとして広まりました。",90,50,2000年代半ば、アメリカ（太平洋岸北西部/バーモント州など）,12,8,1,40,25,2
13,bock,ボック,7.2,6.3,3,2,4,ドイツ発祥の強いラガービール。濃い琥珀色から濃褐色の色合いで、モルトのリッチな風味と甘みが特徴。通常のラガーより高いアルコール度数とボディ感を持つ伝統的なスタイルです。,"ドイツ発祥の高アルコール（6.3%以上）ストロング・ラガー。起源は14世紀北ドイツの都市アインベック（Einbeck）の高アルコールエールとされます。
17世紀にバイエルン・ミュンヘンに技術が伝わり、下面発酵と融合して現在のスタイルに。「ボック」はEinbeckの訛り、または「雄ヤギ」（ラベルによく描かれる）に由来する説があります。
伝統的なボックは濃色（琥珀色～茶色）で、麦芽の豊かな風味（トースト、カラメル）が主体、ホップは穏やか。特定の季節（冬～春）に飲まれます。
マイボック（淡色）、ドッペルボック（強力）、アイスボック（凍結濃縮）などの派生スタイルがあります。",27,20,原型は14世紀ドイツ・アインベック、ラガー化は17世紀ドイツ・バイエルン,10,7,1,22,14,3
14,braggot,ブラゴット,14,5,5,2,4,ビール（麦芽）とミード（蜂蜜酒）のハイブリッド。麦芽と蜂蜜の両方を発酵させて造られる。甘みとアルコール度数が高いことが多い。,"麦芽（ビール）と蜂蜜（ミード）の両方を主原料として発酵させる古代からのアルコール飲料。ビールとミードの中間的ハイブリッド。
起源は古く、中世英・アイルランド・ウェールズ等で特に飲まれた記録あり。当時はエールに蜂蜜を加え風味・度数を高める、麦芽と蜂蜜を一緒に煮込み発酵させる等。スパイス/ハーブが加わることも。
現代クラフトでは歴史的レシピ再現や、自由な発想で様々なベースビールに大量の蜂蜜を加えて造られる。
蜂蜜の種類/量、ベースビールにより味は大きく異なるが、一般的に高アルコール、蜂蜜由来の華やかな香りや濃厚な甘み、麦芽由来のコクが感じられるリッチで複雑な飲み物。",50,15,古代～中世、ヨーロッパ（特にイギリス、アイルランドなど）,14,10,1,30,5,4
15,brut-ipa,ブリュットIPA,7.5,6,5,3,1,シャンパンのように極めてドライな飲み口を目指したIPA。酵素を使って糖分を完全に分解させ、強いホップアロマと高い炭酸、キレのある後味が特徴。,"2017年頃米サンフランシスコで考案され一時注目されたIPAサブスタイル。「ブリュット」はシャンパン用語で「極辛口」。
最大の特徴は醸造過程で酵素（アミログルコシダーゼ）を添加すること。これにより通常は分解できない糖類も酵母が消費可能な単糖類に分解され、残留糖分が極めて少なく非常にドライに仕上がる。
味わいは、極めて軽いボディとドライな後味、高い炭酸ガス圧によるシャンパン様の泡立ちが特徴。ホップ香は豊かだが、甘みがなく苦味やアロマがよりシャープに感じられる。",40,20,2017年頃、アメリカ・サンフランシスコ,9,6,1,4,2,0
16,california-common,カリフォルニア・コモン,5.5,4.5,3,3,3,アメリカ西海岸発祥のユニークなビール。ラガー酵母をエールのような比較的高温で発酵させるのが特徴。アンバーな色合いで、モルトの風味と特徴的なホップの香りが共存する。,"19世紀後半、ゴールドラッシュ時代のカリフォルニアで生まれたアメリカ独自スタイル。
冷却設備が乏しかった当時、入手できたラガー酵母をエールのような比較的高温で発酵させたのが特徴。冷却時の蒸気(Steam)が名前の由来とも言われます。
色は明るい琥珀色。トーストやキャラメル様の麦芽風味と、ノーザンブルワー等のホップ由来の木やミントのような独特の香り、しっかりした苦味を持ちます。
一時は絶滅寸前でしたが、アンカー社が「アンカー・スチーム」として復活・維持しました（Steam Beerは同社の登録商標です）。",45,30,19世紀後半、アメリカ・カリフォルニア州,10,7,1,14,10,2
17,catharina-sour,カタリナサワー,5.5,4,5,-1,2,ブラジル発祥の現代的なサワービール。ケトルサワー製法によるクリーンな酸味と、大量のトロピカルフルーツの使用が特徴。低アルコールで爽快。,"ブラジル（特にサンタカタリーナ州）で近年（2015年頃～）発展した新しいサワーフルーツビール。
独ベルリナーヴァイセ/ゴーゼに影響受けるがブラジル独自の特徴を持つ。基本製法として短時間でクリーンな乳酸発酵を行う「ケトルサワー」が多く用いられ、爽やかで飲みやすい酸味に。
最大の特徴は、ブラジル産の豊富なトロピカルフルーツ（パッションフルーツ、グアバ等）を発酵中/後に大量投入すること。これによりフルーツ由来の鮮やかな色・華やかな香り・ジューシーな甘みがベースの酸味と一体化。
アルコール低め（4-5.5%）、ホップ苦味ほぼなし。ブラジルの暑い気候に適したフルーティーで爽快な飲み口。",8,2,2015年頃～、ブラジル（サンタカタリーナ州）,8,5,4,7,3,3
18,cold-ipa,コールドIPA,7.5,6,5,4,2,IPAのようなホップ感を持ちつつ、ラガーのようなクリーンでクリスプな飲み口を目指した新しいスタイル。ラガー酵母の使用や副原料の使用が特徴的。,"2018年頃米オレゴン州Wayfinder Beerが提唱・開発した非常に新しいスタイル。
コンセプトは「IPAのようにホップを効かせつつ、よりドライでクリスプな飲み口」。
特徴的な醸造技術として、ベース麦芽に風味をクリーンにする副原料（米、コーン等）を多く使用。酵母にはクリーンなラガー酵母を用い、通常より高温（エールに近い温度）で発酵させることも。ホップはIPAらしく大量使用しアロマ重視。
結果、強いホップ香・苦味はIPAのように際立つが、ボディは非常に軽く、後味は極めてドライでキレが良い、ラガーのような爽快感を併せ持つ新しい「IPA風」ビール。IPLとは異なるアプローチ。",70,50,2018年頃、アメリカ・オレゴン州,8,5,1,5,2,1
19,cream-ale,クリームエール,5.6,4.2,2,2,2,アメリカ発祥の軽快なエールビール。エールとラガーの中間的特性を持ち、非常にクリーンで軽い飲み口が特徴。コーンやライス等のアジャンクト（副原料）を使用することもあり、さわやかでクリスプな喉越しのビールです。,"19世紀半ば～後半、アメリカ北東部で生まれた独自スタイル。
当時人気の淡色ラガーに対抗し、エール醸造家がラガーのような「淡色・軽快・爽快」なエールを目指して開発しました。
製法は多様で、エール酵母を低温で使う、ラガー酵母をブレンドする、低温熟成するなど。ボディを軽くするため、トウモロコシや米等の副原料（アジャンクト）もしばしば使われます。
「クリーム」の名は乳製品由来ではなく、当時の他のエールより滑らかで上質とのイメージからと考えられます。非常に飲みやすく、すっきりした味わいです。",20,8,19世紀半ば～後半、アメリカ北東部,7,4,1,5,2.5,2
20,czech-amber-lager,チェコ・アンバーラガー,5.8,4.4,3,2,3,チェコ共和国の伝統的なアンバー色のラガー。ピルスナーモルトとカラメルモルトを使用し、モルトの豊かな風味とザーツホップの香りがバランス。,"チェコ（ボヘミア地方）伝統の琥珀色ラガー。チェコ語では「Polotmavý Ležák（半暗色のラガー）」。
ピルゼンモルトをベースに、カラメルモルト等を少量加え、特徴的な色合いと、パン、トースト、キャラメル様のより豊かで複雑な麦芽風味を引き出す。
ホップは主に香り高い地元産ザーツホップを使用。スパイシー・フローラルな香りと心地よい苦味が麦芽の甘みと調和。
ピルスナー（Světlý）とダークラガー（Tmavý）の中間に位置づけられ、豊かなモルト感を持ちつつ、ラガーらしいクリーンな飲み口を持つバランスの良いスタイル。",35,20,19世紀～、チェコ共和国（ボヘミア地方）,10,7,1,16,10,3
21,czech-dark-lager,チェコ・ダークラガー,5.8,4.4,3,2,4,チェコ共和国の伝統的なダークラガー。ドイツのデュンケルやシュバルツビアとは異なり、モルトのロースト感は控えめで、甘みと滑らかさが特徴。,"チェコ（ボヘミア地方）伝統の濃色ラガー。チェコ語では「Tmavý Ležák（暗色のラガー）」。
独ダークラガー（デュンケル、シュバルツ）と比べ、濃色麦芽の使用は比較的控えめで、強い焦げ臭さや苦味はほぼない。ピルゼンモルトベースにミュニック/カラメルモルト等を組み合わせ、色は濃いが味は滑らかで、麦芽由来のカラメル、コーヒー、ダークフルーツ等の甘みとコク、微かなロースト感が主体。
ホップはザーツが多く、上品な香りと苦味がバランスを取る。独ダークラガーよりボディ豊かで甘みがやや強い傾向があるチェコ独自スタイル。",34,18,19世紀～、チェコ共和国（ボヘミア地方）,10,7,1,35,14,3
22,doppelbock,ドッペルボック,10,7,4,2,5,ドイツの伝統的なボックビールの強いバージョン。「ドッペル」はドイツ語で「二重」を意味し、通常のボックよりも濃厚でアルコール度数が高いリッチなラガービール。濃いカラメル風味と甘みあるモルト感が特徴です。,"ドイツのボックをさらに強力にした高アルコール（7-10%）ストロング・ラガー。「ドッペル」は「ダブル」の意味。
起源は17世紀ミュンヘンのパウラーナー修道院。修道士が四旬節の断食期間の栄養源として醸造した濃厚な「ザンクト・ファーター・ビア」が始まり。後に「サルヴァトール（救世主）」の名で知られ元祖となりました（多くのドッペルボックが「～トール」と名乗るのはこれに由来）。
色は金色～濃茶色。共通して非常にリッチで濃厚な麦芽風味（トースト、カラメル、ダークフルーツ等）が特徴。ホップは最小限で、麦芽の複雑な甘みとコク、アルコールの温かみが主役です。",26,16,17世紀、ドイツ・ミュンヘン（パウラーナー修道院）,12,8,1,25,6,4
23,dortmunder-export,ドルトムンダー・エクスポート,6,4.8,2,2,3,ドイツ・ドルトムント発祥のラガービール。「エクスポート」は輸出用に少しアルコール度数を高めたことを示す。ヘレスとピルスナーの中間的な性格を持つ。,"19世紀後半（1870年代頃）、独工業都市ドルトムントで生まれたラガー。
人気のピルスナーに対抗するために開発されたが、ドルトムントの水質（硬水）に適した独自スタイルに。「エクスポート」の名は、輸出用に保存性を高めるため、通常のラガーよりアルコール度数をやや高め（5-6%）に造られたことに由来。
味わいは、ヘレスのようなしっかりした麦芽風味と、ピルスナーのような爽やかなホップ苦味（ピルスナー程ではない）の中間バランス。ミディアムボディで後味はドライ。硫酸塩由来のミネラル感が風味を引き締めることも。かつては独で非常に人気があったスタイル。",30,20,1870年代、ドイツ・ドルトムント,8,5,1,6,4,2
24,double-ipa,ダブルIPA,10,7.5,5,5,4,通常のIPAよりもホップ使用量とアルコール度数が増した強烈なIPA。強い苦味とホップの香り、そしてリッチなモルトの風味が調和したパワフルなスタイルで、アメリカのクラフトビールシーンで人気を博しています。,"アメリカのクラフトビールシーンが生んだ、IPAをさらに強力にしたスタイルです。「インペリアルIPA」とも呼ばれます。
1990年代後半から2000年代初頭にかけて、より強烈なホップ体験を求めるブルワーと消費者の要望に応える形で登場しました。
通常のIPAよりも多くの麦芽とホップを使用し、アルコール度数は高く（多くは7.5～10%程度）、ホップ由来の香り（松、柑橘、トロピカルフルーツなど）と苦味も格段に強調されています。
ただし、単に苦いだけでなく、高いアルコール度数とバランスを取るためのしっかりとした麦芽の風味（モルト・バックボーン）も併せ持つのが特徴です。
ロシアリバー・ブルーイングカンパニーの「ブラインド・ピッグIPA」や、その後の「プリニー・ジ・エルダー」などが初期の代表例として有名で、ホップ好きのビールファンには欠かせないスタイルとなりました。",120,60,1990年代後半～2000年代初頭、アメリカ,12,8,1,14,6,3
25,dubbel,デュッベル,7.6,6,4,2,4,ベルギー修道院発祥の赤褐色のエールビール。複雑なモルトの風味とベルギー酵母由来のフルーティーさ、スパイシーさが特徴。ドライな後味と隠れた甘みのバランスが絶妙な奥深いスタイルです。,"ベルギーのトラピスト修道院で発展した、濃い茶色の上面発酵エール。「デュッベル」は「ダブル（2倍）」を意味し、修道院で日常的に飲まれていた軽めの「シングル」に比べて麦芽を多く使う（またはアルコール度数が高い）ことから名付けられたと考えられます。
中世から修道院では様々なビールが造られていましたが、現代のデュッベルの原型は、ウェストマール修道院醸造所が1926年に「Dubbel Bruin」として再登場させたものとされています。
特徴は、深い赤みがかった茶色、中程度のアルコール度数（多くは6～7.6%）、ダークフルーツ（レーズン、プラム、デーツなど）やカラメル、トーストを思わせる複雑な麦芽の風味と、ベルギー酵母由来のスパイシーさ、フルーティーな香りです。しばしばダークキャンディシュガーが使われ、色と風味に深みを与えます。
苦味は控えめで、ミディアムボディながら比較的ドライに仕上がっています。",25,15,原型は19世紀以前、現代版は1926年、ベルギー（ウェストマール修道院）,13,10,1,17,10,3
26,dunkel,デュンケル,5.6,4.5,3,2,3,ドイツのミュンヘンを発祥とする濃褐色のラガー。ロースト麦芽のリッチな風味とほのかな甘みがあり、しっかりとした味わいながらも飲みやすさを兼ね備えているバイエルン地方の伝統的ビールです。,"ドイツ語で「暗い、濃い色 (Dunkel)」を意味する、バイエルン地方発祥の伝統的なダークラガー（下面発酵）です。
淡色のピルスナーやヘレスが登場する以前、中世からバイエルン地方で造られていた初期のラガービールは、主にこのような濃色タイプでした。
ミュンヘン・デュンケル（ミュンヒナー・デュンケル）が最も代表的で、麦芽をやや高温で乾燥させることで生まれる「ミュニックモルト」を主体に使用します。これにより、パンのクラスト（耳）、トースト、ナッツ、チョコレートのような、豊かで香ばしい麦芽の風味（メラノイジン）と、赤みがかった濃い茶色が得られます。スタウトやポーターのような強い焙煎香や苦味はなく、あくまでも麦芽の柔らかな甘みとコクが主役です。
ホップの苦味は控えめで、ラガーらしいクリーンな後味を持ちます。ミュンヘンではヘレスが登場するまで日常的に飲まれていた、歴史あるスタイルです。",28,18,中世後期、ドイツ・バイエルン地方,10,7,1,28,14,3
27,dunkelweizen,デュンケルヴァイツェン,5.6,4.3,4,1,4,ドイツの伝統的な小麦ビール「ヴァイツェン」のダークバージョン。バナナやクローブの香りに加え、色の濃い麦芽由来のパンやカラメルのような風味が特徴。濃厚ながらも飲みやすい。,"ドイツ語で「暗い小麦」を意味するバイエルン地方発祥のダーク・ウィートエール。
基本的な製法や酵母はヘフェヴァイツェンと同様で、小麦麦芽を多く（50%以上）使用する上面発酵エールです。
色の違いは、ベース麦芽に色の濃いミュニックモルト等や少量のローストモルトを使うことに由来します。
これにより、ヘフェヴァイツェン特有のバナナ・クローブ香に加え、パン、トースト、カラメル、時にはチョコやナッツのような豊かで香ばしい麦芽風味が重なります。
見た目は濃いですが苦味は穏やかで、口当たりは滑らか。濃厚な風味と飲みやすさを両立しています。",18,10,中世～、ドイツ・バイエルン地方,10,7,1,23,14,3
28,eisbock,アイスボック,14,9,4,2,5,ボックやドッペルボックを凍結濃縮して造られる極めて強いドイツのラガー。非常にリッチなモルト風味と高いアルコール、滑らかな口当たりが特徴。,"ドイツのボック、特にドッペルボックを凍結濃縮しアルコール度数を高めた強力なラガー。「アイス」は氷の意味。
伝説では、冬に置き忘れた樽のビールの一部が凍結し、凍らなかった液体部分（高アルコールで凝固点が低い）が非常に濃厚で美味だったことから生まれたとされます。
水分が氷として除去されるため、麦芽風味、甘み、アルコール度数（9-14%以上）が極めて凝縮されます。
色は濃琥珀色～黒色。非常にリッチで複雑なモルト風味（ダークフルーツ、トースト、チョコ等）と強いアルコールの温かみ、驚くほど滑らかな口当たりが特徴です。",35,25,19世紀末？、ドイツ・フランケン地方（伝説）,14,10,1,30,18,5
29,english-brown-ale,イングリッシュ・ブラウンエール,5.5,4,2,2,3,イギリス発祥の伝統的なブラウンエール。ナッツやカラメル、ビスケットのような麦芽の風味が主体で、ホップの苦味や香りは控えめ。穏やかで飲みやすい。,"イギリス古来の茶色エール。現代では南部の甘口濃色タイプと北部のドライ淡色タイプに大別されます。
18世紀ポーター登場以前はブラウンモルトのビールが主流でした。ポーターやペールエールの台頭で一時衰退後、20世紀初頭に瓶詰めビールとして人気復活。
特徴は、色麦芽（クリスタルモルト等）由来のナッツ、カラメル、トフィー、ビスケット等の豊かで香ばしい麦芽風味と甘み。ホップの苦味や香りは非常に穏やかで、麦芽風味を引き立てます。
アルコール度数も比較的低めで、バランスが良く非常に飲みやすいスタイルです。ニューカッスル・ブラウンエール等が有名。",30,15,17世紀以前～、現代の形は20世紀初頭、イギリス,13,10,1,22,12,3
30,esb,ESB,6.2,4.6,3,3,3,エクストラ・スペシャル・ビター(Extra Special Bitter)の略称で、イギリス発祥のエールビール。モルトの風味とイングリッシュホップのバランスが特徴で、名前の「ビター」ほど苦くはなく、むしろバランスの取れた味わいが楽しめます。,"イギリス発祥の「ビター」の中でも、特にアルコール度数が高く（4.6～6.2%程度）、風味豊かなタイプ。「ESB」は「エクストラ・スペシャル・ビター」の略です。
「ビター」は19世紀に、甘口のマイルドエールと区別するためにホップを効かせたペールエール系を指す言葉として使われ始め、強さで分類されるようになりました。
「ESB」の名称は、ロンドンのフラーズ醸造所が1971年に発売した銘柄「フラーズ ESB」が有名になり、スタイルの代名詞となりました。
麦芽の風味（ビスケット、カラメル）とイギリス産ホップの香り（土、花、果実）、しっかりとした苦味のバランスが特徴です。ベストビターより飲みごたえがありつつ、エールらしい飲みやすさも持ちます。",50,30,20世紀半ば（名称普及は1971年頃）、イギリス,13,10,1,18,6,3
31,flanders-red-ale,フランダース・レッドエール,6.5,4.6,4,1,3,ベルギー・フランダース地方発祥の赤褐色のサワービール。オーク樽で長期熟成され、酢のような酸味と果実味、ワインに似た複雑さが特徴。ほのかな甘みとバランスの取れた酸味を持ち、「赤いワインのようなビール」とも称されます。,"ベルギー北部のフランダース地方（特にウェスト・フランダース州）発祥の、独特の酸味を持つ赤みがかったエールビールです。
ローデンバッハ醸造所（1821年創業）がこのスタイルの象徴的な存在とされています。
その製法は非常に複雑です。まず通常の上面発酵酵母で主発酵を行った後、オーク製 の巨大な木桶（フーダー）で長期間（1～2年以上）熟成させます。この木桶には乳酸菌やブレタノマイセス野生酵母など、様々な微生物が棲みついており、これらがゆっくりとビールに作用することで、独特の酸味（乳酸由来の爽やかな酸味に加え、時には酢酸由来のツンとした酸味も）と複雑な風味（チェリー、プラム、カシスなどの果実、オーク樽由来の香りなど）を生み出します。
通常、製品化される際には、熟成させた古いビールと若いビールをブレンドし、味わいのバランスを調整します。ホップの存在感はほとんどありません。",25,10,19世紀頃～、ベルギー・フランダース地方,13,10,4,16,10,3
32,foreign-extra-stout,フォーリン・エクストラスタウト,8,6,4,4,4,熱帯地域など海外市場向けに造られた強いスタウト。ドライスタウトよりアルコール度数が高く、ロースト感や苦味が強いことが多い。豊かな風味と飲みごたえ。,"英・アイルランドで醸造され、主に熱帯地域（カリブ海、アフリカ等）の海外市場へ輸出用に造られた高アルコール（6-8%）濃厚スタウト。
長い輸送や高温多湿気候に耐えるため、また現地嗜好に合わせ、高比重で醸造され高アルコールに。味はドライスタウトよりボディ豊かで、麦芽の甘み、ロースト香（コーヒー、チョコ）、ホップ苦味がより強いことが多い。フルーツ様の香りや微かな酸味を持つことも。
ギネス社の「ギネス・フォーリンエクストラスタウト」が代表格で、世界各地でライセンス生産され親しまれています。",70,30,18世紀末～19世紀、イギリス/アイルランド（輸出用）,13,10,1,40,30,3
33,framboise,フランボワーズ,8,5,5,0,2,ラズベリーを使用して造られるフルーツランビック。ラズベリーの華やかな香りと甘酸っぱさ、ランビックの酸味が調和したエレガントな味わい。,"ベルギーのフルーツランビックで、ラズベリーを使うもの。「Framboise」は仏語でラズベリー。
クリーク同様、ランビックに新鮮なラズベリーを加え再発酵・熟成。ラズベリーの繊細で華やかな香りが特徴のエレガントなアロマに。
ランビックのしっかりした酸味とラズベリー特有の甘酸っぱさ、豊かなベリー香が一体となり、複雑かつ飲みやすい洗練された味わい。
色は鮮やかなピンク～ルビーレッド。クリークと並ぶ代表的スタイル。甘みを加えた製品も多い。",10,0,20世紀初頭、ベルギー,12,8,5,6,3,3
34,fruit-beer,フルーツビール,8,4,5,2,3,様々な果物を使用して醸造されたビール。ベルギーのランビックをベースとしたものから、現代のクラフトビールまで幅広いバリエーションがあります。フルーティーな香りと味わいが楽しめる個性的なスタイルです。,"ビールに果物（Fruit）を加えて風味を付けたものの総称です。発酵飲料に果物を加えること自体は、古代から世界各地で行われてきたと考えられています。その目的は、風味や香りの付与、色の変化、糖分添加による発酵の促進やアルコール度数の調整、酸味の付与、保存性の向上など様々でした。
歴史的に確立されたスタイルとしては、ベルギーのランビックにチェリーを加えた「クリーク」やラズベリーを加えた「フランボワーズ」などが有名です。
現代のクラフトビールシーンにおいては、特定の醸造法やスタイルというよりも、ブルワーの創造性により、ペールエール、IPA、スタウト、サワーエール、ヴァイツェンなど、多種多様なベースビールに様々な果物（果汁、ピューレ、果実そのものなど）を投入して造られる、非常に幅広いカテゴリーを指します。
果物の風味が主役となるものから、ベースのビールを引き立てる脇役となるものまで、その表現は無限大です。",40,5,古代 / 世界各地,8,5,3,15,3,4
35,fruit-lambic,フルーツランビック,8,5,5,0,2,ランビックにフルーツを加えて二次発酵させたベルギービール。チェリー(Kriek)やラズベリー(Framboise)が代表的。ベースの酸味と果実の風味が融合した複雑な味わい。,"ベルギーの自然発酵ビール「ランビック」に果物を加えて造る伝統スタイル。
一次発酵後のランビックに新鮮な果物を漬け込み、果物の糖分で二次発酵・熟成させます。
最も有名なのはサワーチェリーの「クリーク(Kriek)」とラズベリーの「フランボワーズ(Framboise)」。他にも桃、杏、カシス等様々。
ランビック由来の強い酸味と複雑な野生酵母香に、果実の甘み・香り・色が融合し、甘酸っぱく複雑かつ爽快な味わいに。甘味の度合いは製品による。",10,0,19世紀～20世紀初頭（商業化）、ベルギー,12,8,5,7,3,3
36,german-pilsner,ジャーマン・ピルスナー,5.2,4.4,3,3,2,ドイツで発展したピルスナー。チェコのオリジナルに比べ、よりドライで苦味がシャープ、炭酸が強い。ホップのフローラル、スパイシーな香りが特徴。,"1842年チェコ・ピルゼンで生まれたピルスナーが独に伝わり、国内醸造家が独自進化させたスタイル。「Pils」とも呼ばれ、独で最も人気あるスタイルの一つ。
オリジナルのボヘミアン・ピルスナーがやや豊かな麦芽風味とザーツホップの柔らかい香りを特徴とするのに対し、ジャーマン・ピルスナーはより淡色麦芽を使用し発酵度を高め、さらにドライでクリスプな飲み口を追求。
ホップもより前面に出、独産ノーブルホップ（ハラタウ等）由来のフローラル、スパイシー、ハーバルな香りとシャープでしっかりした苦味が特徴。高炭酸で爽快。",40,22,19世紀後半（1870年代～）、ドイツ,7,4,1,5,2,1
37,gose,ゴーゼ,4.8,4.2,3,1,2,ドイツ発祥の小麦ビールで、塩と コリアンダーを加えて醸造される伝統的なサワービール。さわやかな酸味と軽いしょっぱさが特徴で、複雑ながらも爽快感のある独特の味わいが楽しめます。,"ドイツ中部の都市ゴスラー（Goslar）で中世（13世紀頃の記録あり）に発祥したとされる、非常に古い歴史を持つ上面発酵の小麦ビールです。名前はゴスラーを流れるゴーゼ川に由来します。
後にライプツィヒ市で人気を博し、19世紀にはその地の名物となりました。最大の特徴は、乳酸菌発酵による爽やかな酸味、そして原料水由来（後に塩を添加）の明確な塩味です。さらに、ベルギーの白ビールのようにコリアンダーシードで風味付けされることも多く、これらが独特の風味を生み出します。
第二次世界大戦後のドイツ分断や嗜好の変化により、ほぼ絶滅状態に陥りましたが、1980年代以降にライプツィヒで復活の動きがあり、さらに近年のクラフトビールブームの中で世界的に再注目されました。
伝統的なスタイルに加え、様々なフルーツを加えたゴーゼも人気を集めています。",12,5,中世（13世紀頃）、ドイツ・ゴスラー（後にライプツィヒへ）,8,5,4,4,3,1
38,gueuze,グーズ,8,5,5,0,2,若いランビックと古いランビックをブレンドし、瓶内二次発酵させたベルギーの伝統的なサワービール。強い炭酸と複雑な酸味、ファンキーな香りが特徴。「ブリュッセルのシャンパン」とも呼ばれる。,"自然発酵ビール「ランビック」をベースにした、ベルギー・ブリュッセル周辺の伝統的スタイル。
通常、熟成年数の異なる複数（1年、2年、3年熟成等）のランビックを専門のブレンダーが絶妙な比率でブレンドします。
ブレンド後、瓶詰めされ、瓶内二次発酵により非常にきめ細かく力強い炭酸ガスが生まれます。「ブリュッセルのシャンパン」とも呼ばれます。
味わいは、鋭い酸味とドライな口当たり、ランビック由来の複雑でファンキーな香り（干し草、馬小屋、柑橘等）が見事に調和しています。熟成によってさらに風味が変化する奥深いビールです。",10,0,19世紀頃、ベルギー・ブリュッセル周辺,12,8,5,7,3,1
39,hazy-ipa,ヘイジーIPA,9,6,5,3,4,濁った外観と、ジューシーでトロピカルなホップの風味が特徴的なIPA。通常のIPAに比べて苦みが控えめで、オレンジやマンゴーなどのフルーティーな味わいが前面に出ています。ニューイングランドIPAとも呼ばれます。,"2010年代にアメリカ北東部（ニューイングランド地方、特にバーモント州）で誕生した、比較的新しいIPAのサブスタイルです。「NEIPA（ニューイングランドIPA）」とも呼ばれます。
その名の通り、意図的に酵母やホップ由来の成分を残し、濁った（Hazy）外観を持つのが特徴です。
醸造の特徴として、苦味を抑えるために煮沸時のホップ投入を控えめにする一方、アロマを最大限に引き出すために、ワールプール（煮沸後）や発酵中・発酵後（ドライホッピング）に大量のホップ（特にCitra, Mosaic, Galaxyなど、トロピカルフルーツや柑橘系の香りが強い品種）を投入します。
また、オーツ麦や小麦を多く使用したり、水質（ミネラルバランス）を調整したりすることで、滑らかで柔らかい口当たり（マウスフィール）と、爆発的でジューシーなホップアロマを実現しています。
その斬新なスタイルは急速に世界中のクラフトビールシーンに広まりました。",60,25,2010年代前半～中頃、アメリカ北東部（ニューイングランド地方）,10,7,1,7,3,3
40,helles,ヘレス,5.4,4.7,2,2,2,ミュンヘン発祥の淡色ラガービール。「ヘレス(Hell)」はドイツ語で「明るい」という意味を持ち、その名の通り澄んだ黄金色が特徴。モルトの甘みを前面に出しつつ、穏やかなホップの苦味とさわやかな後味が楽しめる飲みやすいビールです。,"ドイツ語で「明るい、淡い色 (Hell)」を意味する、南ドイツ・ミュンヘン発祥の淡色ラガービールです。
19世紀後半、チェコのピルスナーが世界的に大成功を収めたのに対抗し、ミュンヘンの醸造家たちが独自の淡色ラガーを開発しようとしたのが始まりです。シュパーテン醸造所が1894年に初めて醸造したものが元祖とされています。
ピルスナーと同じく黄金色でクリアですが、ホップの苦味や香りが前面に出ているピルスナーに対し、ヘレスは麦芽（モルト）の風味をより重視しているのが特徴です。ピルスナーモルト由来の、パンや穀物を思わせるクリーンで柔らかな麦芽の甘みと旨味があり、ホップの苦味や香りは非常に穏やかで、全体のバランスを整える役割に留まります。
すっきりとした飲み口と喉越しの良さから、ミュンヘンでは伝統的なデュンケルに代わって日常的に最も飲まれるビールとなりました。",22,16,1894年、ドイツ・ミュンヘン,7,4,1,5,3,2
41,imperial-stout,インペリアルスタウト,12,8,5,4,5,通常のスタウトよりも高いアルコール度数と濃厚な風味を持つ強いスタウト。濃厚なロースト麦芽の風味、コーヒーやダークチョコレートのノート、時に焦げたような深い苦みが特徴の複雑かつパワフルなビールです。,"18世紀ロンドンで、ロシア帝国（特にエカチェリーナ2世の宮廷）への輸出用に醸造された高アルコール（8-12%以上）スタウト。「ロシアン・インペリアルスタウト（RIS）」とも呼ばれます。
長い船旅と寒冷な気候に耐えるため、またインペリアルスタウトの影響を受け、通常のスタウト等より多くの麦芽でアルコール度数を極めて高くし、劣化や凍結を防いだとされます。スレール醸造所（後のバークレイ・パーキンス）等が生産しました。
特徴は濃厚な黒色、フルボディ、チョコレート、コーヒー、ダークフルーツ、ロースト麦芽等の複雑で力強い風味と、アルコールの温かみです。
一時生産が途絶えましたが、現代クラフトビール・ムーブメントで再評価され、特にアメリカで多様な解釈（バレルエイジ等）と共に復活しました。",90,50,18世紀、イギリス・ロンドン,16,12,1,40,30,4
42,international-dark-lager,インターナショナル・ダークラガー,6,4.2,2,1,2,世界各国のマスマーケット向けダークラガー。色は濃いが、味わいは比較的軽く、甘みが感じられることが多い。ロースト感は控えめ。,"欧州伝統ダークラガー（デュンケル、シュバルツ等）をベースに、世界各地で大量生産向けにアレンジされたスタイル。
色は濃茶色～黒だが、多くはカラメル着色料使用か濃色麦芽の使用が最小限。そのため見た目に反し味は比較的軽く、スタウト等の強いロースト感/苦味はほぼない。
むしろ麦芽由来の甘みやカラメル風味が主体で、時に副原料（糖類等）の甘さが加わることも。ホップ感は非常に弱く、ラガーらしいクリーンさはあるが全体的に風味が希薄で甘みが後を引く傾向。
アジアやラテンアメリカ等で見られる、色が濃いが飲みやすい大衆向けダークラガーが該当。",20,8,20世紀、世界各地（ヨーロピアン・ダークラガーが起源）,7,4,1,22,14,3
43,ipa,IPA,7.5,5.5,4,4,3,ホップの香りと苦味が特徴的なインディア・ペール・エール。アメリカンスタイルは柑橘系やトロピカルフルーツのような香りが強く、イングリッシュスタイルはより伝統的で穏やかな味わいがあります。,"大英帝国時代、イギリスから遠く離れた植民地インドへビールを輸送する必要がありました。
長い赤道越えの船旅では、通常のペールエールは腐敗しやすかったため、その対策として考案されたのが起源という説が有名です。
具体的には、防腐効果を持つホップの使用量を大幅に増やし、アルコール度数も高めることで、過酷な輸送環境に耐えうるビールが造られました。ロンドンのボウ醸造所のジョージ・ホジソンなどがインド向け輸出で成功を収めました。
ただし、単にインド向けに特別に造られたというより、当時存在した高ホップ・高アルコールの保存用エールがインド貿易に使われたという見方もあります。
一時は衰退しましたが、20世紀後半のアメリカでクラフトブルワー達がこのスタイルを再発見し、特にアメリカ産ホップの華やかな香りを前面に出す形で復活・発展させ、現代クラフトビールの代表格となりました。",70,40,18世紀末～19世紀初頭、イギリス,10,7,1,14,6,2
44,italian-grape-ale,イタリアン・グレープエール,10,5,4,2,3,イタリア発祥で、醸造過程でブドウ（果汁、果皮、マスト等）を使用したビール。ワインとビールの特徴を併せ持ち、フルーティーで複雑な味わい。,"2000年代半ば以降にイタリアのクラフトブルワーによって生み出され発展した新しいスタイル。「IGA」と略される。
ワイン生産が盛んなイタリアならではの発想で、醸造過程（発酵・熟成時等）にブドウ、ブドウ果汁（マスト）、搾りかす（ヴィナッチャ）等を加えるのが最大の特徴。
使用ブドウ品種（白/黒）、投入時期/形態、ベースビール（主にエール）により味わいは非常に多様。
一般的に、ビール本来の風味に加え、ブドウ由来のフルーティーな香り（ワイン様アロマ）、時にはタンニンや酸味が感じられ、ビールとワインの境界にあるような複雑でユニークな飲み物に。近年BJCP等にも追加され世界的認知度向上。",40,15,2000年代半ば～、イタリア,12,8,2,15,4,2
45,kentucky-common,ケンタッキーコモン,5.5,4,2,2,3,19世紀後半～禁酒法時代にケンタッキー州ルイビル周辺で人気だった歴史的ビール。やや色が濃く、酸味があったとされる。クリームエールに似た側面も。,"19世紀後半～米禁酒法時代（1920-33）まで、特にケンタッキー州ルイビル周辺で非常に人気だった歴史的スタイル。「コモン」は「一般的」等の意味。
記録や再現レシピによると、色はやや濃い目（アンバー～ライトブラウン）、原料は大麦麦芽に加えトウモロコシが多く（25-35%+）使われた模様。上面発酵で急速醸造・消費され、しばしば乳酸菌等による軽い酸味（サワーマッシュ製法の可能性も）を持っていたと考えられている。
クリームエール同様、ラガー対抗のエールだが、色が濃く酸味があった点が異なる。禁酒法と共にほぼ消滅したが、近年歴史的スタイルへの関心からクラフトで再現される試みも。",30,15,19世紀後半、アメリカ・ケンタッキー州,13,10,2,19,11,2
46,kolsch,ケルシュ,5.2,4.4,2,2,2,ドイツのケルン地方発祥の上面発酵ビール。澄んだ淡い黄金色で、エールとラガーの特性を併せ持ち、軽快でクリアな味わいと微かなフルーティーさが調和した飲みやすいスタイルです。,"ドイツ西部の都市ケルン（Köln）でのみ醸造することが許されている（ケルシュ協定による地理的表示保護）、伝統的なビアスタイルです。
その製法はユニークで、「ハイブリッド」スタイルの一つとされます。上面発酵（エール）酵母を使用し、エールとしてはやや低温で発酵させた後、下面発酵（ラガー）ビールのように低温で長期間熟成（ラガーリング）させます。
この醸造法により、エール酵母由来の微かでフルーティーな香り（リンゴや白ワインのようとも表現される）を持ちながらも、ラガーのようにクリアで、キレがあり、すっきりとしたドライな飲み口が実現されています。
色は淡い黄金色で、ホップの苦味や香りは穏やか。アルコール度数も標準的です。
伝統的に「シュタンゲ」と呼ばれる細長い円柱形のグラス（通常0.2L）で提供されるのも特徴です。",30,18,中世からの進化、現代の形は20世紀半ば、ドイツ・ケルン,7,4,1,5,3.5,1
47,kriek,クリーク,8,5,5,0,2,サワーチェリーを使用して造られるフルーツランビック。ランビックの酸味とチェリーの甘酸っぱい風味が特徴。鮮やかな赤色も魅力。,"ベルギーのフルーツランビックで、サワーチェリー（多くは地元品種）を使うもの。「Kriek」はフラマン語でチェリー。
ランビックに大量のチェリーを漬け込み、果実の糖分で再発酵、数ヶ月～一年以上熟成。核からアーモンド香が出ることも。
ランビック由来のシャープな酸味と複雑なアロマに、チェリーの鮮やかな赤色、フルーティーな香り、甘酸っぱい風味が加わり、奥行きのある味わいに。
伝統的なものは辛口だが、甘みを加えたタイプも多い。食前酒やデザート代わりにも。",10,0,19世紀～20世紀初頭、ベルギー,12,8,5,17,10,3
48,kristallweizen,クリスタルヴァイツェン,5.6,4.3,3,1,2,ヘフェヴァイツェンを濾過して酵母を取り除いた、透明なドイツの小麦ビール。「クリスタル」のようにクリアな外観が特徴。味わいはヘフェヴァイツェンに似るが、よりクリーンでシャープ。,"ドイツ小麦ビール「ヴァイツェン」の一種。「クリスタル」の名が示す通り、酵母を濾過し、水晶のように透明な外観を持つのが最大の特徴。
基本的な原料や醸造法、酵母由来の風味（バナナやクローブ香）は無濾過のヘフェヴァイツェンと共通。
しかし酵母が除去されているため濁りがなくクリア。酵母由来の複雑さやボディ感がやや抑えられ、よりクリーンでシャープ、軽快な飲み口に感じられる傾向があります。
炭酸ガス圧は高く爽快。かつては人気がありましたが現在は生産量が減少。ヘフェヴァイツェンの香りは好きだが濁りが苦手な人に好まれることも。",15,8,20世紀、ドイツ,6,3,1,4,2,2
49,kvass,クワス,2.5,0.5,3,0,2,東ヨーロッパ（特にロシア、ウクライナ）の伝統的な微アルコール発酵飲料。ライ麦パンをベースに作られ、軽い酸味と香ばしさを持つ。,"ロシア、ウクライナ等東欧/中央アジアのスラブ系民族で中世から飲まれる伝統発酵飲料。厳密にはビールと異なるが穀物(主にライ麦)原料で発酵する点で共通。
伝統製法では乾燥ライ麦パン(黒パン)を湯に浸し糖分抽出し、酵母(時に乳酸菌も)で発酵。ミントやベリー等で風味付けも。
アルコール度数は非常に低く(多くは0.5-1.5%)、子供から大人まで日常的に飲むソフトドリンクに近い存在。味はパン由来の香ばしさと軽い酸味、ほのかな甘みが特徴。微炭酸あり。
現在もこれらの地域で非常にポピュラーで、家庭や路上、スーパー等で販売。",0,0,中世、東ヨーロッパ/中央アジア,10,4,2,30,15,3
50,lager,ラガー,6,4,2,2,2,低温発酵のビールで、クリーンでスッキリとした味わいが特徴。世界で最も多く生産されているビールスタイルのカテゴリーで、ピルスナーもラガーの一種です。日本の一般的なビールもほとんどがラガースタイルです。,"ドイツ語の「貯蔵する（lagern）」に由来する、下面発酵酵母を用いたビール、およびその製法（低温での長期熟成＝ラガーリング）を指します。
その起源は15～16世紀頃の南ドイツ・バイエルン地方に遡ります。当時の醸造家たちが、冬期に低温の洞窟などでビールを貯蔵・熟成させたところ、低温環境に適応した特殊な酵母（後に`Saccharomyces pastorianus`と分類される下面発酵酵母）がゆっくりと働き、雑味の少ないクリーンな味わいで、保存性の高いビールが偶然生まれたと考えられています。
この低温熟成（ラガーリング）技術が確立され、当初はデュンケルのような濃色タイプが主流でしたが、19世紀の製麦技術や醸造学の進歩により、ピルスナーやヘレスといった淡色ラガーが誕生し、世界的な人気を得ました。
冷凍技術の発明・普及により年間を通じた醸造と品質管理が可能となり、現在では世界で最も広く普及しているビールのカテゴリーです。",25,8,中世後期（15～16世紀頃）、南ドイツ・バイエルン地方,7,3,1,6,2,1
51,lambic,ランビック,6.5,5,5,0,2,ベルギー・パヨッテンラント地方の伝統的な自然発酵ビール。培養酵母を使わず、空気中の野生酵母とバクテリアで発酵・熟成させる。強い酸味と複雑で時にファンキーな香りが特徴。ブレンドやフルーツ添加のベースとなる。,"ベルギー、パヨッテンラント地方でのみ造られる稀有な自然発酵ビール。
培養酵母を加えず、空気中の野生酵母（ブレタノマイセス等）やバクテリアを麦汁に取り込み、木樽で長期間（1年～3年以上）発酵・熟成させます。
この伝統的製法により、強い酸味（乳酸、酢酸等）と、「馬小屋」等とも表現されるファンキーで複雑な香り（エステル、フェノール等）が生まれます。
ストレートで飲まれることは少なく、熟成年数の異なるものをブレンドした「グーズ」や、果物を漬け込んだ「フルーツランビック」のベースとして使われることが多い、ユニークなビールです。",10,0,中世～、ベルギー・パヨッテンラント地方,13,10,5,6,3,1
52,low-non-alcoholic-beer,低アルコール/ノンアルコールビール,1.2,0,2,2,2,アルコール度数を意図的に低く抑えた、または完全に除去したビールテイスト飲料。製法や風味は多様。,"アルコール度数を意図的に低く抑えた(Low-Alcohol)、または実質ゼロ(Non-Alcoholic、通常0.5%未満、日本0.00%も)のビールまたはビール風味飲料。
歴史は米禁酒法時代の「ニアビア」(0.5%未満)に遡る。現代では健康志向、飲酒運転への意識、宗教理由、酔わずに風味を楽しみたい等の需要で世界的に市場拡大。
製造法は、通常ビールからアルコール除去（蒸留、膜処理等）、発酵中断、非発酵で香料添加等様々。
近年クラフトブルワリーも参入し、従来のビールに近い風味や特定スタイル（IPA風等）を模した高品質製品も増加。",30,5,20世紀初頭（Near Beer）～現代、世界各地,7,3,1,30,2,2
53,maibock,マイボック,7.4,6.3,3,2,4,春（特に5月）に飲まれるドイツの強いラガービール。伝統的なボックよりも色が淡く、ホップの苦味や香りがやや強調されている。春の訪れを祝う季節のビール。,"ドイツのストロング・ラガー「ボック」の中で、色が淡く（ヘレス）、春、特に5月（Mai）に飲まれるタイプ。「ヘレスボック」とも呼ばれます。
伝統的な濃色ボックと異なり、主にピルスナーモルト等の淡色麦芽を使用するため、色は金色～明るい琥珀色。
味わいは、ボックらしいしっかりした麦芽風味（パン、トースト、甘み）と高めのアルコール（6.3-7.4%）を持ちつつ、伝統ボックよりホップの苦味や香り（フローラル、スパイシー）がやや強調され、より爽やかな印象。
長い冬の終わりと春の訪れを祝う季節のビールとして親しまれています。",35,23,19世紀後半、ドイツ,10,7,1,11,6,3
54,marzen,メルツェン,6.3,5.8,3,2,3,ドイツのオクトーバーフェストの伝統的なビール。琥珀色から銅色の色合いと、リッチなモルトの風味、クリーンでなめらかな口当たりが特徴。バランスの取れた甘みと軽いホップの苦みを持つ秋の季節ビールです。,"ドイツ語で「3月」を意味するバイエルン発祥のラガー。歴史的に夏季の醸造が禁止されたため、3月に保存用に少し強く醸造し、秋まで低温貯蔵したのが「メルツェンビア」です。元々は濃色でした。
19世紀半ばに、ウィーンモルト等を用いた琥珀色のメルツェンが登場（シュパーテン醸造所等が先駆け）。これがミュンヘンの「オクトーバーフェスト」の定番となり、「オクトーバーフェストビア」としても知られます。
トーストやパンのような豊かな麦芽風味とすっきりした後味が特徴。（現代のフェストでは淡色のフェストビアが主流ですが、メルツェンは伝統的スタイルとして重要です。）",24,18,原型は16世紀以前、現代のアンバー版は19世紀半ば、ドイツ・バイエルン地方,10,7,1,17,8,3
55,mild-ale,マイルドエール,4.5,3,2,1,2,イギリスの伝統的な低アルコールエール。「マイルド」はホップの苦味が穏やかであることを意味する。モルトの甘みやカラメル風味が主体で、非常に飲みやすい。,"イギリスで古くから労働者階級に親しまれた低アルコール（3-4%）で苦味が非常に穏やかな上面発酵エール。「マイルド」は元々「若い」ビールを指しましたが、次第に低ホップ・低苦味ビール（特に濃色）を指すように。
19～20世紀半ばに人気でしたが、ラガーやビターの台頭で激減。
一般的には濃色のダークマイルドが主流。麦芽由来のカラメル、トフィー、ナッツ、チョコ等の甘く香ばしい風味が主体で、ホップは最小限。ボディは軽く非常に飲みやすいセッションビール。
近年、リアルエール愛好家やクラフトブルワーにより価値が見直されています。",25,10,17世紀以前～、イギリス,13,10,1,30,6,3
56,milk-stout,ミルクスタウト,6,4,3,2,4,乳糖（ラクトース）を加えて醸造するスタウトビール。通常のスタウトに比べて甘味があり、クリーミーな口当たりが特徴。コーヒーやチョコレートのような風味に優しい甘みが加わった飲みやすいダークビールです。,"イギリスで20世紀初頭に生まれたスタウトの一種です。「スイートスタウト」や「クリームスタウト」とも呼ばれます。
通常のスタウトに、発酵しない糖分であるラクトース（乳糖）を添加して造られるのが最大の特徴です。酵母はラクトースを分解できないため、ビール中に糖分が残り、独特の甘みと、より豊かで滑らかなボディ（口当たり）をもたらします。
開発当初は、栄養価が高い、あるいは健康に良いといった触れ込みで（医学的根拠は薄いですが）市場に出され、特にマッケソン社のスタウト（1907年～）がその元祖として知られています。
一時期人気は下火になりましたが、クラフトビール時代に入って再評価され、ローストされた麦芽の風味と優しい甘さ、クリーミーな質感が調和した飲みやすいダークビールとして、再び人気を集めています。",40,20,20世紀初頭（1907年頃）、イギリス,12,8,1,40,30,4
57,oatmeal-stout,オートミールスタウト,5.9,4.2,3,3,4,オートミール（燕麦）を使用して醸造されるスタウトビール。通常のスタウトよりもなめらかでシルキーな口当たりが特徴で、チョコレートやコーヒーの風味に加え、クリーミーさとほのかな甘みを持つバランスの良いダークビールです。,"スタウトのバリエーションの一つで、原料の一部にオーツ麦（Oatmeal）を使用して造られます。イギリス（スコットランドも含む）で19世紀末から20世紀初頭にかけて発展しました。
オーツ麦はタンパク質や脂質、食物繊維（βグルカンなど）を豊富に含んでおり、これらを少量（通常、穀物全体の5～10%程度）加えることで、ビールに独特の滑らかさ、絹のような舌触り（シルキーなマウスフィール）、そして豊かなボディ（飲みごたえ）を与えます。また、ほのかな甘みやナッツのような風味をもたらすこともあります。
ミルクスタウトと同様、当初はオーツ麦の栄養価が宣伝文句として使われることもありました。一時は衰退しましたが、イギリスのサミュエル・スミス醸造所などが伝統を守り、クラフトビール時代にその独特の口当たりと複雑な風味が再評価され、世界中で人気が復活しました。",40,25,19世紀末～20世紀初頭、イギリス/スコットランド,12,8,1,40,22,3
58,old-ale,オールドエール,9,6,4,3,4,イギリスの伝統的な強いエール。長期間熟成させることで、複雑な風味と滑らかな口当たりが生まれる。バーレイワインに似るが、より色が濃く、甘みが強い傾向。,"英伝統の高アルコール（6-9%+）熟成上面発酵エール。「オールド」は熟成の意味。「ストックエール」とも呼ばれ、若いマイルドエールとブレンドされることも。
バーレイワインと重なるが、一般的にオールドエールは色が濃く（琥珀色～濃茶色）、麦芽由来の甘み（カラメル、糖蜜、ダークフルーツ等）がより前面に出る傾向。ホップ苦味は様々だが熟成で和らぐ。
最大の特徴は熟成による複雑な風味。酸化熟成香（シェリー様）、革、タバコ、時にはブレタノマイセス由来のファンキーなニュアンスも。口当たり滑らかでアルコールの温かみあり。",60,30,18世紀～、イギリス,16,12,2,22,10,4
59,oud-bruin,アウトブライン,8,4,4,1,3,ベルギー・東フランダース地方発祥のブラウンエール。「古い茶色」を意味し、長期間熟成させる。穏やかな酸味と麦芽由来の甘み、ダークフルーツのような複雑な風味が特徴。,"ベルギー東フランダース州発祥のサワー・ブラウンエール。「古い茶色」の意味。
フランダース・レッドエールと同様、複数微生物による発酵と長期熟成（数ヶ月～数年、必ずしも木樽ではない）で複雑な風味が形成されます。
レッドエールより酢酸系の酸味は穏やかで、乳酸由来の柔らかな酸味が主体なことが多い。麦芽由来のカラメル、トフィー、チョコ等の甘みやコク、ダークフルーツ（レーズン、プラム等）のエステル香が酸味とバランスを取ります。
古いビールと若いビールをブレンドして製品化されるのが一般的です。",25,20,17世紀～、ベルギー・東フランダース地方,13,10,4,22,17,3
60,oyster-stout,オイスタースタウト,7,4,4,3,4,醸造過程で牡蠣（身、殻、またはエキス）を使用したスタウト。ほのかな潮の香りとミネラル感、まろやかさが加わることがある。,"牡蠣を何らかの形で使うスタウト。起源は18-19世紀英国でスタウト/ポーターと牡蠣料理が定番の組み合わせだったこと。
20世紀初頭、NZや英国で、牡蠣の身や殻の栄養価に注目し、醸造過程（主に煮沸時）に投入する試みが開始。殻の炭酸カルシウムがpH調整しまろやかさを、身の成分が風味やボディに影響すると考えられた。
現代では実際に牡蠣やエキスを使うもの、単に歴史的繋がりや「牡蠣に合う」意味で名付ける場合も。風味は通常のスタウトに加え、ほのかな潮の香り、ミネラル感、うま味、滑らかな口当たりが感じられることがある。",50,25,20世紀初頭、イギリス/ニュージーランド（料理との組み合わせは18世紀～）,12,8,1,40,30,3
61,pale-ale,ペールエール,6.2,4.5,3,3,3,IPAより穏やかなホップの風味を持つ黄金色のエール。バランスの良い味わいで、初心者にも飲みやすい親しみやすいビールスタイルです。,"18世紀初頭のイギリスで、燃料にコークスを用いた新しい麦芽乾燥技術が普及し始めました。
これにより、従来の薪や藁を使った麦芽に特有のスモーキーな風味がなく、色が淡い（Pale）麦芽が安定して作れるようになり、ポーターなどの濃色ビールとは異なる、より明るい色のエールが誕生しました。
特に、イングランド中部のバートン・アポン・トレントは、硫酸カルシウムなどを豊富に含む硬水（バートン水）で知られ、この水でペールエールを醸造すると、麦芽の糖化効率が良く、ホップの苦味や香りが鮮明に感じられるため、高品質なペールエールの名産地となりました（例：バス・ペールエール）。
このスタイルは後のビターやIPAの原型となり、また、20世紀後半のアメリカでは、カスケードなどの国産ホップを使い、柑橘系の香りを特徴とするアメリカン・ペールエール（APA）として独自の発展を遂げ、クラフトビールの入門としても親しまれています。",50,30,18世紀初頭、イギリス（特にバートン・アポン・トレント）,10,7,1,10,5,2
62,pastry-stout,ペストリースタウト,14,8,5,2,5,デザート（ペストリー）のような風味を意図的に加えた、非常に甘く濃厚なスタウト。バニラ、チョコ、ココナッツ、メープル等が使われる。高アルコールで飲みごたえ満点。,"2010年代後半頃から米中心に顕著になったインペリアルスタウトの派生。
名の通り「ペストリー（焼き菓子）」やデザートを連想させる極甘・濃厚・リッチな風味が特徴。
ベースのインペリアルスタウトに、バニラ、カカオ、ココナッツ、メープル、コーヒー、ナッツ、フルーツ、スパイス、時には実際の菓子等、多様な副原料を大量投入し意図的にデザート風味を作り出す。
ラクトース（乳糖）で甘み・ボディ強調も一般的。アルコール度数も非常に高い（10%超が多い）ことが多く、「飲むデザート」と呼ぶにふさわしい強烈な個性と飲みごたえ。",50,20,2010年代後半、アメリカなど,16,12,1,40,30,5
63,pilsner,ピルスナー,5.8,4.2,3,3,2,チェコ発祥の黄金色のラガービール。クリアでシャープな味わいとホップの爽やかな香りが特徴。世界中で最も多く飲まれているビアスタイルの一つです。,"当時のピルゼン市民は、品質の安定しない上面発酵ビールに不満を持っていました。
そこで市は共同で市民醸造所を設立し、バイエルン出身の醸造家ヨーゼフ・グロールを招聘しました。
彼は、当時最新だったイギリス由来の淡い色の麦芽（ペールモルト）、地元ザーツ産の高品質なホップ、ピルゼンの軟水、そしてバイエルン式の下面発酵酵母（ラガー酵母）という最高の素材と技術を組み合わせました。
1842年、その結果生まれたのが、黄金色に輝き、透明で、ホップの爽やかな香りと心地よい苦味を持つ、当時としては画期的なラガービールでした。
この「ピルスナー・ウルケル（元祖ピルスナー）」は瞬く間に評判となり、模倣されながら世界中に広まり、今日の多くのラガービールのスタイルに多大な影響を与えました。",45,22,1842年、ボヘミア地方（現チェコ共和国）ピルゼン市,7,4,1,6,2,1
64,porter,ポーター,6.5,4,3,2,3,スタウトの起源となった暗色のビール。チョコレートやカラメル、時にコーヒーのような焙煎された風味があり、スタウトよりも軽い口当たりのことが多いです。,"18世紀初頭（1720年代頃）のロンドンで誕生し、急速に普及した濃色のエールビールです。
当時のロンドンは産業革命前夜の活気にあふれ、港湾や市場で働く荷運び人（ポーター）などの労働者たちに、安価で栄養があり、しっかりとした味わいのこのビールが大変好まれたことから、その名が付いたと言われています。
起源については諸説ありますが、当時のパブで一般的だった熟成（Stale）ビールと新しい（Mild）ビールなどを混ぜる飲み方を、醸造所があらかじめブレンドして一つの樽（Butt）に詰めた「Entire Butt Beer（エンタイア・バット・ビア）」として売り出したのが始まりとされています。
主原料のブラウンモルトがもたらす香ばしさと適度な苦味、甘味を持ち、ロンドンの大規模醸造所（ブルワリー）によって工業的に大量生産され、一時はイギリスで最も消費されるビールとなりました。後のスタウトの直接的な母体となった重要なスタイルです。",50,18,18世紀初頭（1720年代頃）、イギリス・ロンドン,12,8,1,40,20,3
65,quadrupel,クアドルペル,12,8,5,2,5,ベルギー修道院ビールの最も強いタイプで、複雑で濃厚な風味を持つダークエール。濃い琥珀色からダークブラウンの色合いで、リッチなモルトの甘さ、ドライフルーツのような風味、スパイシーさが複雑に絡み合う特別なビールです。,"トラピスト/アビィビールで最も高アルコール（10%以上）なカテゴリー。「クアドルペル」は「4倍」を意味し、シングル・デュッベル・トリペルに続く最上位を示唆します。
歴史的に「アプト（修道院長）」等の強いダークエールはありましたが、「クアドルペル」の名称を広めたのは、オランダのラ・トラップ醸造所が1991年に発売した製品とされます。
特徴は、非常に高い度数、濃い色（茶色～黒）、極めて豊かで複雑な風味。ダークフルーツ（イチジク、デーツ）、糖蜜、パン、カラメル等の濃厚な麦芽風味に、酵母由来のスパイシーさや熟成香、アルコールの温かみが重なります。苦味は低く、ゆっくり味わう「シッピングビア」です。",35,20,名称普及は1991年、オランダ（ラ・トラップ醸造所）/ ベルギー,16,12,1,22,12,4
66,rauchbier,ラオホビア,6,4.8,5,2,4,ドイツ・バンベルク地方の伝統的なスモークビール。麦芽をブナの薪で燻製して醸造されるため、燻製肉や暖炉のような独特の煙の香りと風味を持つ。濃いアンバーから暗褐色の色合いで、まるでベーコンやハムを思わせる風味が特徴のユニークなビールです。,"ドイツ語で「煙のビール」。燻製麦芽で造られ、ドイツ・フランケン地方、特にバンベルクが発祥地として有名です。
近代的な麦芽乾燥技術以前は、多くの麦芽が直火乾燥でスモーキー風味を持っていたと考えられますが、バンベルクではブナの木等による直火乾燥の伝統製法が意図的に守られました（シュレンケルラ、シュペツィアル醸造所等）。
ベースはメルツェン・ラガーが古典的ですが、最大の特徴は燻製麦芽由来の強烈な燻香。燻製肉やベーコンに例えられます。
他のスタイルでも燻製版はありますが、通常ラオホビアと言えばバンベルクのメルツェンベースを指します。",30,20,中世からの伝統製法、確立は15世紀/16世紀頃～、ドイツ・バンベルク,10,7,1,22,12,3
67,red-ipa,レッドIPA,7.5,5.5,4,4,4,アメリカンIPAに、より豊かなモルト風味と赤みがかった色合いを加えたスタイル。ホップの香りと苦味は健在だが、カラメルやトーストのようなモルト感が加わる。,"アメリカンIPAの派生として米クラフトシーンで発展。
基本はIPAの強いホップ香（柑橘、松等）と苦味を維持しつつ、色の濃いカラメルモルト等を使用し、赤みがかった色合いと豊かな麦芽風味（カラメル、トースト、ダークフルーツ等）を加えること。
これによりホップとモルトのバランスがIPAよりややモルト寄りに感じられ、飲みごたえが増します。アンバーエールとIPAの中間的だがホップは力強いのが一般的。
「ホッピー・レッドエール」とも呼ばれ、IPAのバリエーションとして人気です。",70,40,2000年代～、アメリカ,12,8,1,18,11,3
68,rye-ipa,ライIPA,8,5.5,4,4,4,原料の一部にライ麦を使用したIPA。通常のIPAのホップ風味に加え、ライ麦由来のスパイシーさやドライな後味、わずかな粘性が加わるのが特徴。,"アメリカのクラフトビール・ムーブメントで生まれたIPAのバリエーション。
通常のIPAレシピに、穀物の一部としてライ麦（Rye）を加えるのが最大の特徴です。
ライ麦は、ビールに独特のスパイシーさ（胡椒様）、わずかに土っぽい風味、ドライな後味、そして滑らかで豊かな口当たり（粘性）をもたらします。
ホップのキャラクター（柑橘、松等）はIPA同様に前面に出つつ、ライ麦の個性が加わることで、より複雑で奥行きのある風味となります。ホップとライ麦のスパイシーさの相乗効果も特徴。IPAの多様性を示すスタイルです。",75,50,20世紀後半～21世紀初頭、アメリカ,10,7,1,15,6,2
69,saison,セゾン,7,5,4,2,2,ベルギーとフランスの農場地帯発祥のファームハウスエール。スパイシーでフルーティーな香りと乾いた爽やかな味わいが特徴。軽快でありながら複雑な風味を持つ個性的なスタイルです。,"ベルギー南部のワロン地方（フランス語圏）が発祥とされる上面発酵エール。「セゾン」はフランス語で「季節」を意味します。
元々は、農家が冬の間に醸造し、夏の農繁期に季節労働者（セゾニエ）をもてなすために貯蔵しておいたビールでした。そのため、保存性が高く、暑い時期に喉の渇きを癒す、ドライで爽快な飲み口が特徴です。
各農家が独自のレシピで、手元にある様々な穀物（大麦、小麦、スペルト小麦、オーツ麦など）を使って醸造していたため、非常に多様な側面を持ちます。伝統的には、複雑な風味を生み出す酵母（時には野生酵母も）が使われ、スパイシー（胡椒やクローブ様）かつフルーティー（柑橘やエステル香）な香りを持ち、炭酸ガス圧が高いのが一般的です。
一時衰退しましたが、デュポン醸造所などの努力で守られ、現代のクラフトビールシーンで再評価され、多様な解釈で造られています。",35,20,18世紀/19世紀頃かそれ以前、ベルギー・ワロン地方,12,7,2,14,5,1
70,schwarzbier,シュバルツビア,5.4,4.4,3,2,3,ドイツの黒ビールで、濃い色合いながらも軽快でスッキリとした味わいが特徴。わずかなロースト感と軽いモルトの甘みを持ち、スタウトやポーターよりも軽い口当たりのラガービールです。,"ドイツ発祥の、色が非常に濃い（Schwarz = 黒）下面発酵のラガービールです。
その歴史は古く、少なくとも16世紀にはドイツ中部（テューリンゲン州やフランケン地方など）で造られていた記録が残っています。ケストリッツァー醸造所などがその代表格です。
見た目はポーターやスタウトのように真っ黒に近いですが、味わいは全く異なります。色の濃さは、少量使われる殻皮を取り除いた色の濃い麦芽（デハスクド・ローストモルトなど）に由来し、これにより強い焦げ臭さや苦味、重さを伴わずに、深い色合いと穏やかなロースト香（コーヒーやビターチョコレートのニュアンス）だけをもたらします。
下面発酵ラガー特有のすっきりとしたクリーンな飲み口と、驚くほど軽快なボディ、控えめなホップの苦味が特徴で、「黒いのにゴクゴク飲める」と表現されることもあります。見た目と味わいのギャップが魅力のスタイルです。",30,20,中世後期～16世紀頃、ドイツ（テューリンゲン/フランケン地方など）,10,7,1,30,17,2
71,session-ipa,セッションIPA,5,3,4,3,2,通常のIPAよりもアルコール度数を抑えつつ、IPAらしいホップの香りと風味を維持したビール。長時間の飲み会（セッション）でも楽しめるように設計されており、爽快なホップの風味と飲みやすさを両立させています。,"IPAの特徴である華やかなホップの香りと風味を保ちながら、アルコール度数を低く（多くは5%未満）抑え、「セッション（Session）＝「ある期間」」中に何杯か飲んでも酔いすぎないように設計されたIPAのサブスタイルです。
2000年代後半から2010年代にかけて、高アルコール化が進んでいたIPAに対するカウンターとして、アメリカやイギリスのクラフトブルワーによって開発・普及しました。
アルコール度数が低いビールでIPAらしいホップ感を出すのは技術的に難しく、ボディが薄くなったり、苦味だけが際立ったりしがちです。そのため、ブルワーは麦芽の配合を工夫したり、香り高いホップ品種を選んだり、ドライホッピングなどの技術を駆使したりして、低アルコールながらも満足感のあるホップ体験を目指します。
飲みやすさから、IPAの入門としても、また気軽に楽しみたい時にも適したスタイルとして人気があります。",55,40,2000年代後半～2010年代、アメリカ/イギリス,10,6,1,12,3,2
72,sour-ale,サワーエール,8,3,3,1,2,意図的に酸味を持たせたエールビール。乳酸菌や野生酵母を使用し、さわやかな酸味と時に複雑な風味を特徴とします。ベルリナーヴァイセ、グーズ、フランダースレッドエールなど多様なスタイルを含みます。,"意図的に酸味（Sour）を持たせたビールの総称であり、特定の単一スタイルではありません。その起源は古く、近代的な醸造衛生管理や純粋酵母培養技術が確立される以前は、多くのビールが環境中の野生酵母（ブレタノマイセスなど）やバクテリア（乳酸菌、ペディオコッカスなど）の影響で自然に酸味を帯びていたと考えられます。
一部の地域では、この酸味を生み出す微生物を積極的に利用・管理し、独特の風味を持つビールを造る伝統が育まれました。代表的なものに、ベルギーのランビック、グーズ、フランダース・レッドエール、アウトブラインや、ドイツのベルリナーヴァイセ、ゴーゼなどがあります。
これらのビールは、複数の微生物による複雑な発酵（混合発酵）、木樽などでの長期熟成を経ることが多く、単なる酸味だけでなく、「ファンキー」とも形容される独特の香りや複雑な風味を持つことがあります。
現代のクラフトビールシーンでは、これらの伝統的なサワースタイルが再評価されると共に、新しい手法による様々なサワーエールが世界中で造られています。",25,0,古代 / ヨーロッパ（特にベルギー、ドイツ）など,10,7,5,25,2,2
73,stout,スタウト,8,4,4,3,4,焙煎麦芽を使用した黒色のビール。チョコレートやコーヒーのような風味があり、種類によって甘さやアルコール度数が異なります。アイリッシュドライスタウト、インペリアルスタウトなど多様なバリエーションがあります。,"元々「スタウト」とは「強い」「頑丈な」という意味の形容詞でした。18世紀のロンドンで大流行したポーターの中でも、特にアルコール度数が高く濃厚なものを「スタウト・ポーター」と呼んでいたのが始まりです。
やがてこれが独立したスタイルとして確立し、特にアイルランド・ダブリンのアーサー・ギネスが1759年に創業した醸造所が、ポーター、そしてスタウトの生産で世界的な名声を得ました。
初期は色の濃いブラウンモルト等が主原料でしたが、1817年にブラックパテントモルト（高度に焙煎した麦芽）が発明されると、ベースとなる安価なペールモルトに少量のブラックモルトを加えるだけで、効率的に非常に濃い色と独特のロースト香（コーヒーやチョコレートのような風味）を出せるようになり、現代に繋がるスタウトの製造法が確立しました。
ドライスタウト、ミルクスタウト、インペリアルスタウトなど、多くのバリエーションが存在します。",75,25,18世紀初頭、イギリス・アイルランド,12,8,1,40,25,3
74,tripel,トリペル,9.5,7.5,4,2,3,ベルギー修道院発祥の強いブロンドエール。高いアルコール度数ながら飲みやすく、フルーティーでスパイシーな香り、軽快な飲み口と心地良い甘みが特徴です。,"ベルギーのトラピスト修道院発祥とされる、アルコール度数が高い（多くは8～10%程度）黄金色の上面発酵エール。「トリペル」は「3倍」を意味し、修道院で最初に造られていた比較的軽めのビール（シングル）や、デュッベル（2倍）に比べて、麦芽の使用量が多い（またはアルコール度数が高い）ことから名付けられたと言われています。
このスタイルの原型を確立したのは、ウェストマール修道院醸造所とされています。彼らが1934年に醸造を開始し、1956年に改良した「ウェストマール・トリペル」が現代のトリペルの基準となりました。
特徴は、淡い麦芽（ペールモルト）とキャンディシュガーの使用による明るい色合いとドライな後味、ベルギー酵母由来の複雑なフルーツ香（柑橘、洋梨など）とスパイシーな香り（クローブ、胡椒など）、そしてしっかりとした苦味と高い炭酸ガス圧です。アルコール度数の高さを感じさせない飲みやすさも魅力です。",40,20,原型は1930年代、確立は1956年、ベルギー（ウェストマール修道院）,12,8,1,7,4.5,3
75,tropical-stout,トロピカルスタウト,8,5.5,4,3,4,熱帯地域向けに調整されたスタウト。フォーリンエクストラスタウトに似るが、より甘みが強く、ロースト感は穏やか。フルーティーなエステル香が特徴的。,"フォーリン・エクストラスタウト(FES)から派生し、特にカリブ海等の熱帯地域で独自発展・定着したスタウト。
FES同様、輸出や高温環境、現地嗜好に合わせアルコール度数は比較的高め（5.5-8%）だが、FESよりホップ苦味やロースト風味は穏やかで、代わりに麦芽由来の甘みがより強調されるのが特徴。
また、高温発酵（時にラガー酵母も）によりダークフルーツやラム酒様のフルーティーなエステル香がはっきり感じられることも多い。
副原料（コーン、糖類等）使用も一般的。全体的にFESより甘口・滑らか・フルーティーな印象。",50,30,20世紀、熱帯地域（FESが起源）,12,8,1,40,30,4
76,vienna-lager,ウィンナーラガー,5.5,4.7,3,2,3,オーストリアのウィーン発祥の琥珀色のラガービール。淡い赤銅色とモルトの豊かな風味が特徴で、軽快でクリーンな後味を持つバランスの良いスタイル。メキシコのビールにも影響を与えました。,"1841年にオーストリアのウィーンで、アントン・ドレハーによって開発された、美しい赤みがかった琥珀色（アンバー）のラガービールです。
チェコのピルスナーとほぼ同時期に誕生した、初期の淡色系ラガーの一つです。ドレハーは、イギリスで発展したペールモルトの製法を応用し、少しだけ色が付くように調整して乾燥させた「ウィーンモルト」を開発・使用しました。
これにより、トーストやパンのような香ばしい麦芽の風味と、ほのかな甘みが引き出されました。下面発酵ラガー特有のクリーンな飲み口と、ノーブルホップ由来の穏やかな苦味が、この豊かな麦芽風味と絶妙なバランスを取っています。
ヨーロッパではピルスナーの人気に押されて一時期衰退しましたが、19世紀後半にメキシコへ移住した醸造家たちによって持ち込まれ、現地の気候や嗜好に合わせて変化しながらも、そのスタイルは受け継がれました（例：ドスエキス・アンバーなど）。近年、クラフトビールシーンで本来のスタイルが再評価されています。",30,18,1841年、オーストリア・ウィーン,10,7,1,15,9,3
77,wee-heavy,ウィーヘヴィー,10,6.5,4,1,5,スコットランドの伝統的なストロングエール。非常にリッチなモルトの甘みとカラメル風味が特徴。ホップの苦味は極めて控えめ。濃厚で滑らか。,"スコットランド発祥の高アルコール(6.5%+, 10%超も)・麦芽風味豊かな上面発酵エール。「ストロング・スコッチエール」とも。「ウィーヘヴィー」の名は、かつての比重によるビールの最高ランクの呼び名(例:90/-)に由来するとされる。
スコットランドの冷涼な気候やホップが少なかった歴史から、ホップは最小限で、麦芽の甘みと複雑な風味が最大限に引き出される。
長い煮沸による濃厚なカラメル、トフィー等の深い甘みと香ばしさ、豊かなボディが最大の特徴。時にピート燻製麦芽でスモーキーさも。
冬にゆっくり味わうデザートビール的存在。",35,17,19世紀、スコットランド,14,10,1,25,14,5
78,weissbier,ヴァイツェン,5.6,4.3,3,1,3,南ドイツ発祥の小麦ビール。バナナやクローブのようなフルーティーでスパイシーな風味を持ち、軽く爽やかな味わいが特徴です。濁った外観と豊かな泡立ちもこのスタイルの特徴です。,"南ドイツ・バイエルン地方発祥の伝統的な小麦（Weizen）を使った上面発酵エールです。その歴史は中世にまで遡ります。
1516年のビール純粋令では基本的に大麦のみが許可されましたが、小麦ビールの醸造はバイエルン王家（ヴィッテルスバッハ家など）の重要な特権として、例外的に認められ、何世紀にもわたり独占的に行われてきました。
下面発酵のラガーが主流となる時代でも、この地域の伝統的なエールとして造られ続けました。
19世紀後半には人気が衰え、王家の独占権もなくなりましたが、その醸造権を買い取ったゲオルク・シュナイダー（シュナイダー・ヴァイセ創業者）などの努力により、スタイルは現代に受け継がれ、20世紀後半に再び人気を博しました。
原料の半分以上に小麦麦芽を使い、特定の酵母がもたらすバナナやクローブ（丁子）に例えられる独特で華やかな香りが最大の特徴です。一般に無濾過の「ヘフェヴァイツェン」が最も飲まれています。",15,8,中世、南ドイツ・バイエルン地方,7,4,2,6,2,3
79,weizenbock,ヴァイツェンボック,9,6.5,4,2,4,ドイツのヴァイツェンとボックを融合させたスタイル。ヴァイツェン酵母由来のフルーティーさと、ボック由来の豊かなモルト感、高いアルコール度数が特徴。濃厚で複雑な味わい。,"ドイツの「ヴァイツェン」と「ボック」の特徴を併せ持つ高アルコール（6.5-9%）小麦エール。
ヴァイツェン同様に小麦麦芽を多く使い、上面発酵のヴァイツェン酵母で醸造されるため、バナナやクローブ、ダークフルーツ（濃色タイプの場合）等の酵母由来の豊かな香りがあります。
一方、ボックのように麦芽量が多いため高アルコールで、ボディはミディアム～フル。麦芽由来の甘みやコク（パン、トースト、カラメル等）もしっかり感じられます。
色の淡い「ヘラー」と濃い「デュンケラー」のタイプがあり、濃厚さと複雑な風味を楽しめる飲みごたえのあるスタイルです。",35,15,20世紀初頭、ドイツ・バイエルン地方,12,8,1,25,6,4
80,white-ipa,ホワイトIPA,7,5.5,5,4,3,ベルギーのヴィットビア（白ビール）とアメリカンIPAを融合させたハイブリッドスタイル。ヴィットビア由来の小麦感やスパイス香と、IPA由来の強いホップ香が共存する。,"米クラフトシーンで2010年前後に登場した新しいハイブリッドスタイル。
ベルギーの「ヴィットビア（白ビール）」とアメリカの「IPA」を融合させるアイデアから誕生。
ヴィットビアのように小麦麦芽（や生小麦）を多く使い、時にコリアンダー等のスパイスを加え、爽やかさ、柔らかな口当たり、スパイシーさを持たせます。
一方、IPAのようにアメリカンホップ（Citra等）を大量に使い、ドライホッピング等で華やかで力強いホップアロマ（柑橘、トロピカル等）としっかりした苦味を加えます。
結果、ヴィットビアの爽快感とIPAのホップ感が融合した、ユニークで複雑な味わいのビールとなります。",70,40,2010年前後、アメリカ,10,7,1,7,5,2
81,witbier,白ビール,5.5,4.5,3,2,2,ベルギー発祥の小麦ビールで、オレンジピールやコリアンダーなどのスパイスを使用。クリーミーでさわやかな飲み口と、ほのかなスパイシーさが特徴のスタイルです。,"ベルギー、特にブリュッセル東部のヒューガルデン村周辺を発祥とする、中世から続く非常に古い歴史を持つ上面発酵の小麦ビールです。
最大の特徴は、原料に麦芽化されていない生小麦（時にオーツ麦なども）を多く（伝統的には半分程度）用いること、そしてホップの使用が一般的になる前から、風味付けにコリアンダーシードや乾燥させたオレンジピール（特にキュラソー産）などのスパイス類を加えていた点です。
これにより、爽やかな酸味と複雑でスパイシーな香りが生まれます。
かつてはベルギー各地で盛んに造られましたが、ラガーの台頭などにより20世紀半ばには生産が途絶え、完全に消滅しました。
しかし、1966年に、故郷の味を惜しんだピエール・セリス氏が私財を投じて醸造を再開（後のヒューガルデン醸造所）。彼の情熱によって奇跡的に復活を遂げ、その独特の味わいが世界中で愛されるようになりました。",20,8,中世（14世紀頃かそれ以前）、ベルギー（ヒューガルデン村周辺）,7,4,2,4,2,2
82,irish-stout,アイリッシュスタウト,5,4,3,3,2,アイルランド発祥の黒ビール。ドライな飲み口とロースト麦芽のコーヒーのような風味が特徴。クリーミーな泡も有名。,"「スタウト」は元々ポーターの強い版でしたが、アイルランド、特にダブリンのギネス社（1759年創業）が独自のスタウトを発展させ、19世紀にはアイルランドを代表するスタイルとなりました。
特にアイルランドのドライスタウトは、麦芽化していない焙煎大麦（ローステッド・バーレイ）を多く使用するのが特徴で、これがコーヒーのような強い香ばしさとドライな後味、シャープな苦味を与えます。
パテントモルト発明（1817年）以降、効率的な色付けと風味付けが可能になりました。色は非常に濃いですが、ボディは意外に軽く飲みやすいものが多いです。
また、窒素ガスと炭酸ガスの混合ガスで供されることが多く、それによる持続性のあるクリーミーな泡と滑らかな口当たりは、このスタイルの象徴とも言えます。世界で最も有名なのはギネス・ドラフトです。",45,30,18世紀～19世紀、アイルランド（ダブリンなど）,12,8,1,40,25,1